{"cameraMode":{"drawMode":0,"name":"Shaded","section":"Shading Mode"},"sceneLighting":false,"audioPlay":false,"sceneViewState":{"showFog":true,"showMaterialUpdate":false,"showSkybox":false,"showFlares":true,"showImageEffects":true,"showParticleSystems":true},"in2DMode":false,"pivot":{"x":0.004490017890930176,"y":-0.991724967956543,"z":5.0},"rotation":{"x":0.5287364721298218,"y":0.013655929826200009,"z":-0.0013242108980193735,"w":0.8486811518669128},"size":11.082728385925293,"orthographic":false}